{"cameraMode":{"drawMode":0,"name":"Shaded","section":"Shading Mode"},"sceneLighting":false,"audioPlay":false,"sceneViewState":{"m_AlwaysRefresh":false,"showFog":true,"showSkybox":false,"showFlares":true,"showImageEffects":true,"showParticleSystems":true,"showVisualEffectGraphs":true,"m_FxEnabled":true},"in2DMode":false,"pivot":{"x":281.9913635253906,"y":150.55804443359376,"z":36.1300048828125},"rotation":{"x":0.13044099509716035,"y":-0.0075144642032682899,"z":0.0009803996654227377,"w":0.9914730787277222},"size":535.3142700195313,"orthographic":false}