{"cameraMode":{"drawMode":0,"name":"Shaded","section":"Shading Mode"},"sceneLighting":true,"audioPlay":false,"sceneViewState":{"m_AlwaysRefresh":false,"showFog":true,"showSkybox":true,"showFlares":true,"showImageEffects":true,"showParticleSystems":true,"showVisualEffectGraphs":true,"m_FxEnabled":true},"in2DMode":false,"pivot":{"x":35.771785736083987,"y":-17.012176513671876,"z":19.954200744628908},"rotation":{"x":0.19065368175506593,"y":0.49117526412010195,"z":-0.11078629642724991,"w":0.8427955508232117},"size":26.37214469909668,"orthographic":false}