{"cameraMode":{"drawMode":0,"name":"Shaded","section":"Shading Mode"},"sceneLighting":false,"audioPlay":false,"sceneViewState":{"m_AlwaysRefresh":false,"showFog":false,"showSkybox":false,"showFlares":false,"showImageEffects":false,"showParticleSystems":false,"showVisualEffectGraphs":true,"m_FxEnabled":true},"in2DMode":false,"pivot":{"x":0.07715320587158203,"y":0.890130877494812,"z":0.1864493489265442},"rotation":{"x":0.042220473289489749,"y":0.8004933595657349,"z":-0.05677834153175354,"w":0.5952239632606506},"size":1.5191301107406617,"orthographic":false}